{
  "marketing_stripe": {
    "text": "",
    "link": ""
  },
  "contacts_stripe": {
    "pages": [
      {
        "title": "varaldotorcedoroficial@gmail.com"
      }
    ],
    "phone_wpp": true,
    "socials": true
  },
  "categories_list": {
    "featured": [
      "/novidades?Novidades",
      "/lancamentos-2021?Lançamentos 2021",
      "/futebol/?Futebol",
      "/colecao-inverno-2021?Coleção Inverno 2021",
      "/linha-retro/?Linha Retrô",
      "/tenis/?Tênis",
      "/chuteiras/?Chuteiras",
      "/nba/?NBA",
      "/prontaentrega?Pronta Entrega",
      "/varal-store?Varal Store"
    ],
    "random": 5,
    "full_width": true
  },
  "search_input": true
}